{
  "run_name": "layer1_local_qwen3_14b_int4_decomp_gate_answer_repair_claim_risk_stratified45_final_target_binding_strict_slot_no_think_agentic_rag_baseline",
  "methods": {
    "agentic_rag_baseline": {
      "count": 45,
      "answer_f1": 0.253015873015873,
      "avg_retrieval_calls": 2.3555555555555556,
      "unsupported_claim_rate": 0.7111111111111111,
      "abstention_rate": 0.5777777777777777,
      "no_new_evidence_call_rate": 0.6222222222222222,
      "coverage": 0.4222222222222222,
      "selective_answer_f1": 0.5992481203007519,
      "cost_normalized_f1": 0.10741239892183288,
      "wasted_retrieval_rate": 0.6222222222222222,
      "answered_unsupported_rate": 0.3157894736842105,
      "final_answered_unsupported_rate": 0,
      "abstention_precision": 1
    },
    "claim_risk": {
      "count": 45,
      "answer_f1": 0.17455433455433456,
      "avg_retrieval_calls": 2.088888888888889,
      "unsupported_claim_rate": 0.6888888888888889,
      "abstention_rate": 0.6666666666666666,
      "no_new_evidence_call_rate": 0.6888888888888889,
      "coverage": 0.3333333333333333,
      "selective_answer_f1": 0.5236630036630037,
      "cost_normalized_f1": 0.08356324526537293,
      "wasted_retrieval_rate": 0.6888888888888889,
      "answered_unsupported_rate": 0.4,
      "final_answered_unsupported_rate": 0,
      "abstention_precision": 0.7666666666666667
    },
    "prompt_verifier": {
      "count": 45,
      "answer_f1": 0.20222222222222222,
      "avg_retrieval_calls": 1,
      "unsupported_claim_rate": 0.7111111111111111,
      "abstention_rate": 0.7111111111111111,
      "no_new_evidence_call_rate": 0,
      "coverage": 0.28888888888888886,
      "selective_answer_f1": 0.7,
      "cost_normalized_f1": 0.20222222222222222,
      "wasted_retrieval_rate": 0,
      "answered_unsupported_rate": 0,
      "final_answered_unsupported_rate": 0,
      "abstention_precision": 1
    }
  }
}