{
  "run_name": "layer1_local_qwen3_14b_int4_decomp_gate_answer_repair_claim_risk_subset30_support_seen_recheck_no_think_agentic_rag_baseline",
  "methods": {
    "agentic_rag_baseline": {
      "count": 30,
      "answer_f1": 0.5166666666666667,
      "avg_retrieval_calls": 1.8333333333333333,
      "unsupported_claim_rate": 0.5,
      "abstention_rate": 0.26666666666666666,
      "no_new_evidence_call_rate": 0.3333333333333333,
      "coverage": 0.7333333333333333,
      "selective_answer_f1": 0.7045454545454546,
      "cost_normalized_f1": 0.28181818181818186,
      "wasted_retrieval_rate": 0.3333333333333333,
      "answered_unsupported_rate": 0.3181818181818182,
      "final_answered_unsupported_rate": 0,
      "abstention_precision": 1
    },
    "claim_risk": {
      "count": 30,
      "answer_f1": 0.5166666666666667,
      "avg_retrieval_calls": 1.6333333333333333,
      "unsupported_claim_rate": 0.5,
      "abstention_rate": 0.3,
      "no_new_evidence_call_rate": 0.3333333333333333,
      "coverage": 0.7,
      "selective_answer_f1": 0.7380952380952381,
      "cost_normalized_f1": 0.3163265306122449,
      "wasted_retrieval_rate": 0.3333333333333333,
      "answered_unsupported_rate": 0.2857142857142857,
      "final_answered_unsupported_rate": 0,
      "abstention_precision": 1
    },
    "prompt_verifier": {
      "count": 30,
      "answer_f1": 0.3277777777777778,
      "avg_retrieval_calls": 1,
      "unsupported_claim_rate": 0.5,
      "abstention_rate": 0.5,
      "no_new_evidence_call_rate": 0,
      "coverage": 0.5,
      "selective_answer_f1": 0.6555555555555556,
      "cost_normalized_f1": 0.3277777777777778,
      "wasted_retrieval_rate": 0,
      "answered_unsupported_rate": 0,
      "final_answered_unsupported_rate": 0,
      "abstention_precision": 1
    }
  }
}