{
  "run_name": "layer1_local_qwen3_14b_int4_decomp_gate_answer_repair_claim_risk_full300_closure_verifier_guarded_cost_cleanup_no_think_agentic_rag_baseline",
  "methods": {
    "agentic_rag_baseline": {
      "count": 300,
      "answer_f1": 0.2053121693121693,
      "avg_retrieval_calls": 2.4466666666666668,
      "unsupported_claim_rate": 0.7966666666666666,
      "abstention_rate": 0.5933333333333334,
      "no_new_evidence_call_rate": 0.6266666666666667,
      "coverage": 0.4066666666666667,
      "selective_answer_f1": 0.5048659901118917,
      "cost_normalized_f1": 0.08391505557718092,
      "wasted_retrieval_rate": 0.6266666666666667,
      "answered_unsupported_rate": 0.5245901639344263,
      "final_answered_unsupported_rate": 0,
      "abstention_precision": 1
    },
    "claim_risk": {
      "count": 300,
      "answer_f1": 0.24396092796092797,
      "avg_retrieval_calls": 2.0933333333333333,
      "unsupported_claim_rate": 0.77,
      "abstention_rate": 0.5233333333333333,
      "no_new_evidence_call_rate": 0.5866666666666667,
      "coverage": 0.4766666666666667,
      "selective_answer_f1": 0.5118061425753734,
      "cost_normalized_f1": 0.11654184456732228,
      "wasted_retrieval_rate": 0.5866666666666667,
      "answered_unsupported_rate": 0.5314685314685315,
      "final_answered_unsupported_rate": 0,
      "abstention_precision": 0.9745222929936306
    },
    "prompt_verifier": {
      "count": 300,
      "answer_f1": 0.09241269841269842,
      "avg_retrieval_calls": 1,
      "unsupported_claim_rate": 0.7933333333333333,
      "abstention_rate": 0.81,
      "no_new_evidence_call_rate": 0,
      "coverage": 0.19,
      "selective_answer_f1": 0.48638262322472847,
      "cost_normalized_f1": 0.09241269841269842,
      "wasted_retrieval_rate": 0,
      "answered_unsupported_rate": 0,
      "final_answered_unsupported_rate": 0,
      "abstention_precision": 1
    }
  }
}