{
  "run_name": "layer1_local_qwen3_14b_int4_decomp_gate_answer_repair_claim_risk_stratified45_slot_ledger_evidence_no_closure_no_think",
  "methods": {
    "claim_risk": {
      "count": 45,
      "answer_f1": 0.2082051282051282,
      "avg_retrieval_calls": 1.8,
      "unsupported_claim_rate": 0.7333333333333333,
      "abstention_rate": 0.7111111111111111,
      "no_new_evidence_call_rate": 0.7111111111111111,
      "coverage": 0.28888888888888886,
      "selective_answer_f1": 0.7207100591715977,
      "cost_normalized_f1": 0.11566951566951567,
      "wasted_retrieval_rate": 0.7111111111111111,
      "answered_unsupported_rate": 0.15384615384615385,
      "final_answered_unsupported_rate": 0,
      "abstention_precision": 0.96875
    }
  }
}