{
  "run_name": "layer1_local_qwen3_14b_int4_decomp_gate_answer_repair_claim_risk_stratified45_five_stage_verifier_v1_2_3_pre_final_slot_gate_local_api_no_think",
  "methods": {
    "claim_risk": {
      "count": 45,
      "answer_f1": 0.1622222222222222,
      "avg_retrieval_calls": 2.2444444444444445,
      "unsupported_claim_rate": 0.7111111111111111,
      "abstention_rate": 0.7777777777777778,
      "no_new_evidence_call_rate": 0.6888888888888889,
      "coverage": 0.2222222222222222,
      "selective_answer_f1": 0.73,
      "cost_normalized_f1": 0.07227722772277227,
      "wasted_retrieval_rate": 0.6888888888888889,
      "answered_unsupported_rate": 0.1,
      "final_answered_unsupported_rate": 0,
      "abstention_precision": 0.8
    }
  }
}