{
  "run_name": "layer1_api_balanced300_dense_bge_decomp_gate_claim_evidence_memory_structured_query_low_yield_abstain_claim_risk_subset30_agentic_rag_baseline",
  "methods": {
    "agentic_rag_baseline": {
      "count": 30,
      "answer_f1": 0.43777777777777777,
      "avg_retrieval_calls": 1.8,
      "unsupported_claim_rate": 0.4666666666666667,
      "abstention_rate": 0.3333333333333333,
      "no_new_evidence_call_rate": 0.3333333333333333,
      "coverage": 0.6666666666666666,
      "selective_answer_f1": 0.6566666666666666,
      "cost_normalized_f1": 0.24320987654320986,
      "wasted_retrieval_rate": 0.3333333333333333,
      "answered_unsupported_rate": 0.2,
      "final_answered_unsupported_rate": 0,
      "abstention_precision": 0.9
    },
    "claim_risk": {
      "count": 30,
      "answer_f1": 0.46,
      "avg_retrieval_calls": 1.6333333333333333,
      "unsupported_claim_rate": 0.4666666666666667,
      "abstention_rate": 0.36666666666666664,
      "no_new_evidence_call_rate": 0.3,
      "coverage": 0.6333333333333333,
      "selective_answer_f1": 0.7263157894736842,
      "cost_normalized_f1": 0.2816326530612245,
      "wasted_retrieval_rate": 0.3,
      "answered_unsupported_rate": 0.2631578947368421,
      "final_answered_unsupported_rate": 0,
      "abstention_precision": 0.7272727272727273
    },
    "prompt_verifier": {
      "count": 30,
      "answer_f1": 0.3377777777777778,
      "avg_retrieval_calls": 1,
      "unsupported_claim_rate": 0.4666666666666667,
      "abstention_rate": 0.4666666666666667,
      "no_new_evidence_call_rate": 0,
      "coverage": 0.5333333333333333,
      "selective_answer_f1": 0.6333333333333333,
      "cost_normalized_f1": 0.3377777777777778,
      "wasted_retrieval_rate": 0,
      "answered_unsupported_rate": 0,
      "final_answered_unsupported_rate": 0,
      "abstention_precision": 1
    }
  }
}