{
  "run_name": "layer1_local_qwen3_14b_int4_decomp_gate_answer_repair_claim_risk_stratified45_slot_ledger_slot_binding_verifier_no_closure_no_think",
  "methods": {
    "claim_risk": {
      "count": 45,
      "answer_f1": 0.23042735042735044,
      "avg_retrieval_calls": 1.8444444444444446,
      "unsupported_claim_rate": 0.7333333333333333,
      "abstention_rate": 0.6888888888888889,
      "no_new_evidence_call_rate": 0.7111111111111111,
      "coverage": 0.3111111111111111,
      "selective_answer_f1": 0.7406593406593407,
      "cost_normalized_f1": 0.12493049119555143,
      "wasted_retrieval_rate": 0.7111111111111111,
      "answered_unsupported_rate": 0.21428571428571427,
      "final_answered_unsupported_rate": 0,
      "abstention_precision": 0.967741935483871
    }
  }
}