{
  "run_name": "layer1_api_balanced300_dense_bge_decomp_gate_claim_evidence_memory_structured_query_fallback_query_source_claim_risk_subset30_agentic_rag_baseline",
  "methods": {
    "agentic_rag_baseline": {
      "count": 30,
      "answer_f1": 0.4711111111111111,
      "avg_retrieval_calls": 1.7666666666666666,
      "unsupported_claim_rate": 0.4666666666666667,
      "abstention_rate": 0.3,
      "no_new_evidence_call_rate": 0.3,
      "coverage": 0.7,
      "selective_answer_f1": 0.6730158730158731,
      "cost_normalized_f1": 0.26666666666666666,
      "wasted_retrieval_rate": 0.3,
      "answered_unsupported_rate": 0.23809523809523808,
      "final_answered_unsupported_rate": 0,
      "abstention_precision": 0.8888888888888888
    },
    "claim_risk": {
      "count": 30,
      "answer_f1": 0.46,
      "avg_retrieval_calls": 1.8,
      "unsupported_claim_rate": 0.4666666666666667,
      "abstention_rate": 0.36666666666666664,
      "no_new_evidence_call_rate": 0.4,
      "coverage": 0.6333333333333333,
      "selective_answer_f1": 0.7263157894736842,
      "cost_normalized_f1": 0.25555555555555554,
      "wasted_retrieval_rate": 0.4,
      "answered_unsupported_rate": 0.2631578947368421,
      "final_answered_unsupported_rate": 0,
      "abstention_precision": 0.7272727272727273
    },
    "prompt_verifier": {
      "count": 30,
      "answer_f1": 0.3377777777777778,
      "avg_retrieval_calls": 1,
      "unsupported_claim_rate": 0.4666666666666667,
      "abstention_rate": 0.4666666666666667,
      "no_new_evidence_call_rate": 0,
      "coverage": 0.5333333333333333,
      "selective_answer_f1": 0.6333333333333333,
      "cost_normalized_f1": 0.3377777777777778,
      "wasted_retrieval_rate": 0,
      "answered_unsupported_rate": 0,
      "final_answered_unsupported_rate": 0,
      "abstention_precision": 1
    }
  }
}