{
  "run_name": "layer1_local_qwen3_14b_int4_decomp_gate_answer_repair_claim_risk_stratified45_five_stage_verifier_v1_2_9_mouth_bridge_evidence_guard_local_api_no_think",
  "methods": {
    "claim_risk": {
      "count": 45,
      "answer_f1": 0.21333333333333335,
      "avg_retrieval_calls": 2.311111111111111,
      "unsupported_claim_rate": 0.7111111111111111,
      "abstention_rate": 0.7555555555555555,
      "no_new_evidence_call_rate": 0.7333333333333333,
      "coverage": 0.24444444444444444,
      "selective_answer_f1": 0.8727272727272727,
      "cost_normalized_f1": 0.09230769230769233,
      "wasted_retrieval_rate": 0.7333333333333333,
      "answered_unsupported_rate": 0.09090909090909091,
      "final_answered_unsupported_rate": 0,
      "abstention_precision": 0.7941176470588235
    }
  }
}