{
  "run_name": "layer1_api_balanced300_dense_bge_decomp_gate_answer_repair_claim_risk_full300_agentic_rag_baseline",
  "methods": {
    "agentic_rag_baseline": {
      "count": 300,
      "answer_f1": 0.2161042661042661,
      "avg_retrieval_calls": 2.3966666666666665,
      "unsupported_claim_rate": 0.77,
      "abstention_rate": 0.6133333333333333,
      "no_new_evidence_call_rate": 0.6466666666666666,
      "coverage": 0.38666666666666666,
      "selective_answer_f1": 0.558890343373102,
      "cost_normalized_f1": 0.0901686784857856,
      "wasted_retrieval_rate": 0.6466666666666666,
      "answered_unsupported_rate": 0.41379310344827586,
      "final_answered_unsupported_rate": 0,
      "abstention_precision": 0.9891304347826086
    },
    "claim_risk": {
      "count": 300,
      "answer_f1": 0.24914866760919394,
      "avg_retrieval_calls": 2.3033333333333332,
      "unsupported_claim_rate": 0.7766666666666666,
      "abstention_rate": 0.61,
      "no_new_evidence_call_rate": 0.65,
      "coverage": 0.39,
      "selective_answer_f1": 0.6388427374594716,
      "cost_normalized_f1": 0.1081687413643389,
      "wasted_retrieval_rate": 0.65,
      "answered_unsupported_rate": 0.4444444444444444,
      "final_answered_unsupported_rate": 0,
      "abstention_precision": 0.9781420765027322
    },
    "prompt_verifier": {
      "count": 300,
      "answer_f1": 0.12651001534844863,
      "avg_retrieval_calls": 1,
      "unsupported_claim_rate": 0.7466666666666667,
      "abstention_rate": 0.7533333333333333,
      "no_new_evidence_call_rate": 0,
      "coverage": 0.24666666666666667,
      "selective_answer_f1": 0.5128784406018189,
      "cost_normalized_f1": 0.12651001534844863,
      "wasted_retrieval_rate": 0,
      "answered_unsupported_rate": 0.02702702702702703,
      "final_answered_unsupported_rate": 0.02702702702702703,
      "abstention_precision": 1
    }
  }
}