{
  "run_name": "layer1_local_qwen3_14b_int4_decomp_gate_answer_repair_claim_risk_stratified45_slot_ledger_evidence_gap_directed_no_closure_no_think",
  "methods": {
    "claim_risk": {
      "count": 45,
      "answer_f1": 0.25264957264957266,
      "avg_retrieval_calls": 2.3333333333333335,
      "unsupported_claim_rate": 0.7333333333333333,
      "abstention_rate": 0.6666666666666666,
      "no_new_evidence_call_rate": 0.7777777777777778,
      "coverage": 0.3333333333333333,
      "selective_answer_f1": 0.757948717948718,
      "cost_normalized_f1": 0.10827838827838827,
      "wasted_retrieval_rate": 0.7777777777777778,
      "answered_unsupported_rate": 0.26666666666666666,
      "final_answered_unsupported_rate": 0,
      "abstention_precision": 0.9333333333333333
    }
  }
}