{
  "run_name": "layer1_api_balanced300_dense_bge_decomp_gate_claim_evidence_memory_claim_risk_subset30_agentic_rag_baseline",
  "methods": {
    "agentic_rag_baseline": {
      "count": 30,
      "answer_f1": 0.46,
      "avg_retrieval_calls": 1.7666666666666666,
      "unsupported_claim_rate": 0.4666666666666667,
      "abstention_rate": 0.26666666666666666,
      "no_new_evidence_call_rate": 0.3333333333333333,
      "coverage": 0.7333333333333333,
      "selective_answer_f1": 0.6272727272727273,
      "cost_normalized_f1": 0.26037735849056604,
      "wasted_retrieval_rate": 0.3333333333333333,
      "answered_unsupported_rate": 0.2727272727272727,
      "final_answered_unsupported_rate": 0,
      "abstention_precision": 1
    },
    "claim_risk": {
      "count": 30,
      "answer_f1": 0.4311111111111111,
      "avg_retrieval_calls": 1.9,
      "unsupported_claim_rate": 0.5,
      "abstention_rate": 0.43333333333333335,
      "no_new_evidence_call_rate": 0.4,
      "coverage": 0.5666666666666667,
      "selective_answer_f1": 0.7607843137254902,
      "cost_normalized_f1": 0.22690058479532166,
      "wasted_retrieval_rate": 0.4,
      "answered_unsupported_rate": 0.17647058823529413,
      "final_answered_unsupported_rate": 0,
      "abstention_precision": 0.8461538461538461
    },
    "prompt_verifier": {
      "count": 30,
      "answer_f1": 0.30444444444444446,
      "avg_retrieval_calls": 1,
      "unsupported_claim_rate": 0.5,
      "abstention_rate": 0.5,
      "no_new_evidence_call_rate": 0,
      "coverage": 0.5,
      "selective_answer_f1": 0.6088888888888889,
      "cost_normalized_f1": 0.30444444444444446,
      "wasted_retrieval_rate": 0,
      "answered_unsupported_rate": 0,
      "final_answered_unsupported_rate": 0,
      "abstention_precision": 1
    }
  }
}