{
  "run_name": "layer1_api_balanced300_dense_bge_decomp_gate_claim_evidence_memory_short_query_claim_risk_subset30_agentic_rag_baseline",
  "methods": {
    "agentic_rag_baseline": {
      "count": 30,
      "answer_f1": 0.4711111111111111,
      "avg_retrieval_calls": 1.8,
      "unsupported_claim_rate": 0.4666666666666667,
      "abstention_rate": 0.3333333333333333,
      "no_new_evidence_call_rate": 0.3333333333333333,
      "coverage": 0.6666666666666666,
      "selective_answer_f1": 0.7066666666666667,
      "cost_normalized_f1": 0.2617283950617284,
      "wasted_retrieval_rate": 0.3333333333333333,
      "answered_unsupported_rate": 0.2,
      "final_answered_unsupported_rate": 0,
      "abstention_precision": 1
    },
    "claim_risk": {
      "count": 30,
      "answer_f1": 0.3711111111111111,
      "avg_retrieval_calls": 1.8,
      "unsupported_claim_rate": 0.4666666666666667,
      "abstention_rate": 0.5,
      "no_new_evidence_call_rate": 0.43333333333333335,
      "coverage": 0.5,
      "selective_answer_f1": 0.7422222222222222,
      "cost_normalized_f1": 0.20617283950617282,
      "wasted_retrieval_rate": 0.43333333333333335,
      "answered_unsupported_rate": 0.06666666666666667,
      "final_answered_unsupported_rate": 0,
      "abstention_precision": 0.8666666666666667
    },
    "prompt_verifier": {
      "count": 30,
      "answer_f1": 0.30444444444444446,
      "avg_retrieval_calls": 1,
      "unsupported_claim_rate": 0.5,
      "abstention_rate": 0.4666666666666667,
      "no_new_evidence_call_rate": 0,
      "coverage": 0.5333333333333333,
      "selective_answer_f1": 0.5708333333333333,
      "cost_normalized_f1": 0.30444444444444446,
      "wasted_retrieval_rate": 0,
      "answered_unsupported_rate": 0.0625,
      "final_answered_unsupported_rate": 0.0625,
      "abstention_precision": 1
    }
  }
}