{
  "run_name": "layer1_api_balanced300_dense_bge_decomp_gate_prompt_scope_fix_claim_risk_subset30",
  "methods": {
    "agentic_rag_baseline": {
      "count": 30,
      "answer_f1": 0.49333333333333335,
      "avg_retrieval_calls": 1.8,
      "unsupported_claim_rate": 0.4666666666666667,
      "abstention_rate": 0.3,
      "no_new_evidence_call_rate": 0.3333333333333333,
      "coverage": 0.7,
      "selective_answer_f1": 0.7047619047619048,
      "cost_normalized_f1": 0.2740740740740741,
      "wasted_retrieval_rate": 0.3333333333333333,
      "answered_unsupported_rate": 0.23809523809523808,
      "final_answered_unsupported_rate": 0,
      "abstention_precision": 1
    },
    "claim_risk": {
      "count": 30,
      "answer_f1": 0.40444444444444444,
      "avg_retrieval_calls": 1.6666666666666667,
      "unsupported_claim_rate": 0.5,
      "abstention_rate": 0.4666666666666667,
      "no_new_evidence_call_rate": 0.36666666666666664,
      "coverage": 0.5333333333333333,
      "selective_answer_f1": 0.7583333333333333,
      "cost_normalized_f1": 0.24266666666666664,
      "wasted_retrieval_rate": 0.36666666666666664,
      "answered_unsupported_rate": 0.1875,
      "final_answered_unsupported_rate": 0,
      "abstention_precision": 0.6428571428571429
    },
    "prompt_verifier": {
      "count": 30,
      "answer_f1": 0.3488888888888889,
      "avg_retrieval_calls": 1,
      "unsupported_claim_rate": 0.4666666666666667,
      "abstention_rate": 0.4666666666666667,
      "no_new_evidence_call_rate": 0,
      "coverage": 0.5333333333333333,
      "selective_answer_f1": 0.6541666666666667,
      "cost_normalized_f1": 0.3488888888888889,
      "wasted_retrieval_rate": 0,
      "answered_unsupported_rate": 0,
      "final_answered_unsupported_rate": 0,
      "abstention_precision": 1
    }
  }
}