{
  "run_name": "layer1_api_balanced300_dense_bge_rerank_claim_risk_subset30",
  "methods": {
    "claim_risk": {
      "count": 30,
      "answer_f1": 0.3055555555555555,
      "avg_retrieval_calls": 1.4,
      "unsupported_claim_rate": 0.4,
      "abstention_rate": 0.5,
      "no_new_evidence_call_rate": 0.4,
      "coverage": 0.5,
      "selective_answer_f1": 0.611111111111111,
      "cost_normalized_f1": 0.21825396825396826,
      "wasted_retrieval_rate": 0.4,
      "answered_unsupported_rate": 0,
      "abstention_precision": 0.8
    },
    "ours": {
      "count": 30,
      "answer_f1": 0.28888888888888886,
      "avg_retrieval_calls": 1.8,
      "unsupported_claim_rate": 0.43333333333333335,
      "abstention_rate": 0.36666666666666664,
      "no_new_evidence_call_rate": 0.43333333333333335,
      "coverage": 0.6333333333333333,
      "selective_answer_f1": 0.45614035087719296,
      "cost_normalized_f1": 0.16049382716049382,
      "wasted_retrieval_rate": 0.43333333333333335,
      "answered_unsupported_rate": 0.10526315789473684,
      "abstention_precision": 1
    },
    "prompt_verifier": {
      "count": 30,
      "answer_f1": 0.31666666666666665,
      "avg_retrieval_calls": 1,
      "unsupported_claim_rate": 0.4,
      "abstention_rate": 0.4,
      "no_new_evidence_call_rate": 0,
      "coverage": 0.6,
      "selective_answer_f1": 0.5277777777777778,
      "cost_normalized_f1": 0.31666666666666665,
      "wasted_retrieval_rate": 0,
      "answered_unsupported_rate": 0,
      "abstention_precision": 1
    }
  }
}